code,system
1567940,ICD10CM
1567940,ICD10CM
201254,ICD10CM
201254,ICD10CM
1567940,ICD10CM
1567940,ICD10CM
201254,ICD10CM
201254,ICD10CM
1567941,ICD10CM
45557110,ICD10CM
45600636,ICD10CM
1567941,ICD10CM
45600636,ICD10CM
45557110,ICD10CM
44822934,ICD10CM
44824071,ICD10CM
44824071,ICD10CM
44822934,ICD10CM
1567941,ICD10CM
45557110,ICD10CM
45600636,ICD10CM
1567941,ICD10CM
45600636,ICD10CM
45557110,ICD10CM
44822934,ICD10CM
44824071,ICD10CM
44824071,ICD10CM
44822934,ICD10CM
1567942,ICD10CM
45600637,ICD10CM
1567942,ICD10CM
45600637,ICD10CM
1567942,ICD10CM
45600637,ICD10CM
1567942,ICD10CM
45600637,ICD10CM
1567943,ICD10CM
45576438,ICD10CM
1567943,ICD10CM
45576438,ICD10CM
44820684,ICD10CM
44822936,ICD10CM
44822936,ICD10CM
44820684,ICD10CM
1567943,ICD10CM
45576438,ICD10CM
1567943,ICD10CM
45576438,ICD10CM
44820684,ICD10CM
44822936,ICD10CM
44822936,ICD10CM
44820684,ICD10CM
1567944,ICD10CM
1567951,ICD10CM
35206878,ICD10CM
45542736,ICD10CM
45547624,ICD10CM
45552381,ICD10CM
1567944,ICD10CM
45552381,ICD10CM
45542736,ICD10CM
1567951,ICD10CM
45547624,ICD10CM
35206878,ICD10CM
44819504,ICD10CM
44829881,ICD10CM
44833368,ICD10CM
44836918,ICD10CM
44836918,ICD10CM
44833368,ICD10CM
44829881,ICD10CM
44819504,ICD10CM
1567944,ICD10CM
1567951,ICD10CM
35206878,ICD10CM
45542736,ICD10CM
45547624,ICD10CM
45552381,ICD10CM
1567944,ICD10CM
45552381,ICD10CM
45542736,ICD10CM
1567951,ICD10CM
45547624,ICD10CM
35206878,ICD10CM
44819504,ICD10CM
44829881,ICD10CM
44833368,ICD10CM
44836918,ICD10CM
44836918,ICD10CM
44833368,ICD10CM
44829881,ICD10CM
44819504,ICD10CM
1567945,ICD10CM
1567946,ICD10CM
1567947,ICD10CM
1567948,ICD10CM
45537958,ICD10CM
45561947,ICD10CM
45571654,ICD10CM
45576437,ICD10CM
45591026,ICD10CM
45595793,ICD10CM
45595794,ICD10CM
45605397,ICD10CM
1567945,ICD10CM
45595793,ICD10CM
45591026,ICD10CM
1567946,ICD10CM
45561947,ICD10CM
45605397,ICD10CM
1567947,ICD10CM
45595794,ICD10CM
45537958,ICD10CM
1567948,ICD10CM
45576437,ICD10CM
45571654,ICD10CM
1567945,ICD10CM
1567946,ICD10CM
1567947,ICD10CM
1567948,ICD10CM
45537958,ICD10CM
45561947,ICD10CM
45571654,ICD10CM
45576437,ICD10CM
45591026,ICD10CM
45595793,ICD10CM
45595794,ICD10CM
45605397,ICD10CM
1567945,ICD10CM
45595793,ICD10CM
45591026,ICD10CM
1567946,ICD10CM
45561947,ICD10CM
45605397,ICD10CM
1567947,ICD10CM
45595794,ICD10CM
45537958,ICD10CM
1567948,ICD10CM
45576437,ICD10CM
45571654,ICD10CM
1567949,ICD10CM
45586138,ICD10CM
1567949,ICD10CM
45586138,ICD10CM
44819501,ICD10CM
44831046,ICD10CM
44831046,ICD10CM
44819501,ICD10CM
1567949,ICD10CM
45586138,ICD10CM
1567949,ICD10CM
45586138,ICD10CM
44819501,ICD10CM
44831046,ICD10CM
44831046,ICD10CM
44819501,ICD10CM
1567950,ICD10CM
45581349,ICD10CM
1567950,ICD10CM
45581349,ICD10CM
44819502,ICD10CM
44825264,ICD10CM
44825264,ICD10CM
44819502,ICD10CM
1567950,ICD10CM
45581349,ICD10CM
1567950,ICD10CM
45581349,ICD10CM
44819502,ICD10CM
44825264,ICD10CM
44825264,ICD10CM
44819502,ICD10CM
1567952,ICD10CM
45537960,ICD10CM
1567952,ICD10CM
45537960,ICD10CM
4152858,ICD10CM
4152858,ICD10CM
1567952,ICD10CM
45537960,ICD10CM
1567952,ICD10CM
45537960,ICD10CM
4152858,ICD10CM
4152858,ICD10CM
1567953,ICD10CM
1567954,ICD10CM
35206879,ICD10CM
1567953,ICD10CM
1567954,ICD10CM
35206879,ICD10CM
443412,ICD10CM
443412,ICD10CM
1567953,ICD10CM
1567954,ICD10CM
35206879,ICD10CM
1567953,ICD10CM
1567954,ICD10CM
35206879,ICD10CM
443412,ICD10CM
443412,ICD10CM
1567955,ICD10CM
45552383,ICD10CM
45600640,ICD10CM
1567955,ICD10CM
45552383,ICD10CM
45600640,ICD10CM
4151281,ICD10CM
4151281,ICD10CM
1567955,ICD10CM
45552383,ICD10CM
45600640,ICD10CM
1567955,ICD10CM
45552383,ICD10CM
45600640,ICD10CM
4151281,ICD10CM
4151281,ICD10CM
45533017,ICD10CM
45533017,ICD10CM
45533017,ICD10CM
45533017,ICD10CM
45533018,ICD10CM
45533018,ICD10CM
45533018,ICD10CM
45533018,ICD10CM
45542737,ICD10CM
45547622,ICD10CM
45547622,ICD10CM
45542737,ICD10CM
45542737,ICD10CM
45547622,ICD10CM
45547622,ICD10CM
45542737,ICD10CM
45547621,ICD10CM
45547621,ICD10CM
45547621,ICD10CM
45547621,ICD10CM
45547623,ICD10CM
45566729,ICD10CM
45566729,ICD10CM
45547623,ICD10CM
44820683,ICD10CM
44820683,ICD10CM
45547623,ICD10CM
45566729,ICD10CM
45566729,ICD10CM
45547623,ICD10CM
44820683,ICD10CM
44820683,ICD10CM
45552379,ICD10CM
45552379,ICD10CM
45552379,ICD10CM
45552379,ICD10CM
45552382,ICD10CM
45552382,ICD10CM
45552382,ICD10CM
45552382,ICD10CM
45557111,ICD10CM
45557111,ICD10CM
45557111,ICD10CM
45557111,ICD10CM
45561948,ICD10CM
45561948,ICD10CM
45561948,ICD10CM
45561948,ICD10CM
45576439,ICD10CM
45576439,ICD10CM
45576439,ICD10CM
45576439,ICD10CM
45576440,ICD10CM
45600638,ICD10CM
45600638,ICD10CM
45576440,ICD10CM
37018566,ICD10CM
37018566,ICD10CM
45576440,ICD10CM
45600638,ICD10CM
45600638,ICD10CM
45576440,ICD10CM
37018566,ICD10CM
37018566,ICD10CM
45581350,ICD10CM
45605398,ICD10CM
45605398,ICD10CM
45581350,ICD10CM
4099214,ICD10CM
4099214,ICD10CM
45581350,ICD10CM
45605398,ICD10CM
45605398,ICD10CM
45581350,ICD10CM
4099214,ICD10CM
4099214,ICD10CM
45595795,ICD10CM
45595795,ICD10CM
45595795,ICD10CM
45595795,ICD10CM
45600639,ICD10CM
45600639,ICD10CM
45600639,ICD10CM
45600639,ICD10CM
44820682,ICD10CM
44821787,ICD10CM
44820682,ICD10CM
44821787,ICD10CM
44820682,ICD10CM
44821787,ICD10CM
44820682,ICD10CM
44821787,ICD10CM
44822935,ICD10CM
44834549,ICD10CM
44822935,ICD10CM
44834549,ICD10CM
44822935,ICD10CM
44834549,ICD10CM
44822935,ICD10CM
44834549,ICD10CM
44832190,ICD10CM
44832191,ICD10CM
44832190,ICD10CM
44832191,ICD10CM
201531,ICD10CM
201531,ICD10CM
44832190,ICD10CM
44832191,ICD10CM
44832190,ICD10CM
44832191,ICD10CM
201531,ICD10CM
201531,ICD10CM
44832192,ICD10CM
44832192,ICD10CM
44832192,ICD10CM
44832192,ICD10CM
36717215,ICD10CM
36717215,ICD10CM
36717215,ICD10CM
36717215,ICD10CM
4047906,ICD10CM
4102018,ICD10CM
4047906,ICD10CM
4102018,ICD10CM
4047906,ICD10CM
4102018,ICD10CM
4047906,ICD10CM
4102018,ICD10CM
4063042,ICD10CM
4063042,ICD10CM
4063042,ICD10CM
4063042,ICD10CM
4096668,ICD10CM
4096668,ICD10CM
4096668,ICD10CM
4096668,ICD10CM
4099215,ICD10CM
4099215,ICD10CM
4099215,ICD10CM
4099215,ICD10CM
4145827,ICD10CM
4145827,ICD10CM
4145827,ICD10CM
4145827,ICD10CM
43531008,ICD10CM
43531009,ICD10CM
43531008,ICD10CM
43531009,ICD10CM
43531008,ICD10CM
43531009,ICD10CM
43531008,ICD10CM
43531009,ICD10CM
45757674,ICD10CM
45757674,ICD10CM
45757674,ICD10CM
45757674,ICD10CM
45766051,ICD10CM
45766051,ICD10CM
45766051,ICD10CM
45766051,ICD10CM